Variable,Coefficient,Std_Error,Z_Stat,P_Value
intercept,0.052700505339547406,0.6990282592244553,0.07539109419984905,0.9399035448439212
HIEDUC,0.1769522594716508,0.5711872643686883,0.3097972775482476,0.7567151220367578
POVERTY,0.008409344199962495,0.5211083679024394,0.01613741923548783,0.9871247611635687
PARITY,-0.03642597763986874,0.8250048201119052,-0.044152442206250204,0.9647828906762264
SURVEY_YEAR,-0.004965520396715246,0.5389886501304053,-0.009212662262023264,0.9926494629945875
